{
  "loss": [
    1.1577000617980957,
    0.947449803352356,
    0.8534332513809204,
    0.7646688222885132,
    0.688423216342926,
    0.6475655436515808,
    0.5947146415710449,
    0.5647392868995667,
    0.5258651375770569,
    0.507427990436554,
    0.4726724624633789,
    0.451518177986145,
    0.4296455979347229,
    0.40467172861099243,
    0.37494751811027527,
    0.3657672107219696,
    0.3430289030075073,
    0.3281137943267822,
    0.3097881078720093,
    0.2948966324329376,
    0.28599679470062256,
    0.26939165592193604,
    0.25390639901161194,
    0.250002384185791,
    0.24259096384048462,
    0.2326831966638565,
    0.21909110248088837,
    0.20565739274024963,
    0.20324230194091797,
    0.19261035323143005,
    0.1846046894788742,
    0.17448683083057404,
    0.17460431158542633,
    0.1660386174917221,
    0.12246110290288925,
    0.10661078989505768,
    0.09703884273767471,
    0.09496554732322693,
    0.08877979218959808,
    0.08521686494350433,
    0.08332616090774536,
    0.08592314273118973,
    0.07904314994812012,
    0.07898088544607162,
    0.0766640454530716,
    0.07110320031642914,
    0.07148903608322144,
    0.06641819328069687,
    0.06178107112646103,
    0.05803854763507843,
    0.05646940693259239,
    0.05496279522776604,
    0.05584265664219856,
    0.05575951188802719,
    0.05478387698531151,
    0.051687076687812805,
    0.05065203830599785,
    0.05108903348445892,
    0.05083658546209335,
    0.05183730646967888,
    0.050978533923625946,
    0.048411108553409576,
    0.04927728325128555,
    0.04798167571425438,
    0.04834422841668129,
    0.048467062413692474,
    0.05091879144310951,
    0.04844288527965546,
    0.052107300609350204,
    0.04859362915158272,
    0.04854049161076546,
    0.04738689959049225,
    0.049885399639606476,
    0.04581718146800995,
    0.04602369666099548,
    0.046828534454107285,
    0.04463615268468857,
    0.04743701592087746,
    0.0449911430478096,
    0.046159371733665466,
    0.046373218297958374,
    0.04506160318851471,
    0.04542975872755051,
    0.04867572709918022,
    0.04682686924934387,
    0.047097645699977875,
    0.04713444784283638,
    0.04598965495824814,
    0.046490628272295,
    0.04531434178352356,
    0.04427381977438927,
    0.04542159661650658,
    0.04741418734192848
  ],
  "accuracy": [
    0.03882462531328201,
    0.10051854699850082,
    0.13641802966594696,
    0.17683818936347961,
    0.22470416128635406,
    0.24757346510887146,
    0.28586623072624207,
    0.30846962332725525,
    0.3409121036529541,
    0.35447412729263306,
    0.3865177631378174,
    0.3979524075984955,
    0.42786863446235657,
    0.4444887638092041,
    0.47374019026756287,
    0.4862385392189026,
    0.5091078281402588,
    0.5255950093269348,
    0.5439436435699463,
    0.5624251961708069,
    0.5790453553199768,
    0.591942548751831,
    0.6134822368621826,
    0.6173381209373474,
    0.6160085201263428,
    0.6336923241615295,
    0.6503124833106995,
    0.662544846534729,
    0.6745113730430603,
    0.6812923550605774,
    0.6940566301345825,
    0.7056242227554321,
    0.7073527574539185,
    0.7167930006980896,
    0.7779550552368164,
    0.7964366674423218,
    0.8149182200431824,
    0.8150511980056763,
    0.8216992616653442,
    0.8283472657203674,
    0.8323361277580261,
    0.836059033870697,
    0.8381863832473755,
    0.8431059718132019,
    0.8431059718132019,
    0.8540087938308716,
    0.8528121113777161,
    0.8614546060562134,
    0.8742188811302185,
    0.8732881546020508,
    0.8802021145820618,
    0.8786065578460693,
    0.8786065578460693,
    0.8806009888648987,
    0.8790054321289062,
    0.8829942941665649,
    0.885919451713562,
    0.8875149488449097,
    0.8881797790527344,
    0.8863183259963989,
    0.885919451713562,
    0.8929663896560669,
    0.8877809047698975,
    0.893099308013916,
    0.8905730843544006,
    0.8960244655609131,
    0.8880468010902405,
    0.8912378549575806,
    0.8865842223167419,
    0.8915038108825684,
    0.8923015594482422,
    0.8933652639389038,
    0.8911048769950867,
    0.8984177708625793,
    0.8978859186172485,
    0.8911048769950867,
    0.8957585692405701,
    0.8956255912780762,
    0.8969551920890808,
    0.8972210884094238,
    0.9005451202392578,
    0.8988166451454163,
    0.8973540663719177,
    0.8923015594482422,
    0.8946948647499084,
    0.8932322859764099,
    0.8962903618812561,
    0.8953596353530884,
    0.8993484973907471,
    0.8982847929000854,
    0.8956255912780762,
    0.8984177708625793,
    0.8936311602592468
  ],
  "val_loss": [
    1.314963459968567,
    1.43904709815979,
    1.0552352666854858,
    0.9648370146751404,
    0.8512371778488159,
    0.7677834033966064,
    0.6812835931777954,
    0.7761659622192383,
    0.8137395977973938,
    0.583824634552002,
    0.4658845067024231,
    0.7253080010414124,
    0.47644373774528503,
    0.562181293964386,
    0.40714260935783386,
    0.6015556454658508,
    0.3316251039505005,
    0.37726470828056335,
    0.31240516901016235,
    0.3669242560863495,
    0.30769866704940796,
    0.2860631048679352,
    0.35459262132644653,
    0.2817021608352661,
    0.2647058069705963,
    0.3229123651981354,
    0.26376914978027344,
    0.23111021518707275,
    0.19817481935024261,
    0.2926708161830902,
    0.1983928382396698,
    0.2699940502643585,
    0.19905591011047363,
    0.21467816829681396,
    0.1018187552690506,
    0.09707874804735184,
    0.09916479140520096,
    0.10923858731985092,
    0.09951668232679367,
    0.09960637241601944,
    0.09579195827245712,
    0.0952133759856224,
    0.08665952831506729,
    0.09377709031105042,
    0.08855707943439484,
    0.09639979153871536,
    0.09077374637126923,
    0.0963403731584549,
    0.08658073097467422,
    0.0856453999876976,
    0.08431095629930496,
    0.08316012471914291,
    0.0814606174826622,
    0.08371812105178833,
    0.0823930874466896,
    0.08150453865528107,
    0.08184047788381577,
    0.0813583955168724,
    0.08177817612886429,
    0.0824124664068222,
    0.0825386717915535,
    0.08228779584169388,
    0.08257292956113815,
    0.0821690559387207,
    0.08106823265552521,
    0.08107318729162216,
    0.08104654401540756,
    0.08072973042726517,
    0.08089984208345413,
    0.08083914965391159,
    0.08058840036392212,
    0.08167952299118042,
    0.08076824992895126,
    0.0802365392446518,
    0.08097494393587112,
    0.0804918110370636,
    0.07958565652370453,
    0.07907569408416748,
    0.0799730196595192,
    0.08046925067901611,
    0.08013217896223068,
    0.080246701836586,
    0.08010047674179077,
    0.079489566385746,
    0.08014631271362305,
    0.08056128025054932,
    0.0809118002653122,
    0.08034159988164902,
    0.08066452294588089,
    0.08052029460668564,
    0.08009321987628937,
    0.07993557304143906,
    0.08005674928426743
  ],