{
  "loss": [
    4.647863388061523,
    4.04388952255249,
    3.6883761882781982,
    3.4020533561706543,
    3.1323866844177246,
    2.9328672885894775,
    2.7113635540008545,
    2.57757306098938,
    2.427809953689575,
    2.3186981678009033,
    2.184284210205078,
    2.077960968017578,
    2.0191686153411865,
    1.9118322134017944,
    1.826071858406067,
    1.7454967498779297,
    1.6498780250549316,
    1.5856484174728394,
    1.5161542892456055,
    1.4423611164093018,
    1.4087673425674438,
    1.3256422281265259,
    1.2677643299102783,
    1.2380552291870117,
    1.2012288570404053,
    1.1455843448638916,
    1.1279457807540894,
    1.0343955755233765,
    1.017694115638733,
    0.9727917909622192,
    0.9572932124137878,
    0.9120779037475586,
    0.8839520215988159,
    0.6632227301597595,
    0.5921264290809631,
    0.5752204656600952,
    0.5507935881614685,
    0.5293254852294922,
    0.4947849214076996,
    0.48026344180107117,
    0.4711185395717621,
    0.46658656001091003,
    0.44342413544654846,
    0.44834470748901367,
    0.4341510832309723,
    0.3915782868862152,
    0.4033949077129364,
    0.3903009593486786,
    0.37054726481437683,
    0.3375893831253052,
    0.33825579285621643,
    0.3237295150756836,
    0.3284131586551666,
    0.32094988226890564,
    0.3247138261795044,
    0.31893157958984375,
    0.29730722308158875,
    0.31400516629219055,
    0.3027430474758148,
    0.3003216087818146,
    0.30367669463157654,
    0.2926916480064392,
    0.2982606589794159,
    0.2940050959587097,
    0.28882044553756714,
    0.2883111536502838,
    0.30209025740623474,
    0.301505982875824,
    0.28838253021240234,
    0.28798574209213257,
    0.28403210639953613,
    0.2964538633823395
  ],
  "accuracy": [
    0.04254753515124321,
    0.09240792691707611,
    0.12870629131793976,
    0.16420689225196838,
    0.21007844805717468,
    0.2451801598072052,
    0.2950405478477478,
    0.32309532165527344,
    0.3522137999534607,
    0.37760937213897705,
    0.40819039940834045,
    0.4410317838191986,
    0.4438239634037018,
    0.4752027690410614,
    0.4874351918697357,
    0.5109692811965942,
    0.5338385701179504,
    0.5597659945487976,
    0.5678766369819641,
    0.5855604410171509,
    0.5964632630348206,
    0.6207951307296753,
    0.6416699886322021,
    0.6394096612930298,
    0.6529716849327087,
    0.6695917844772339,
    0.6758409738540649,
    0.699242115020752,
    0.7129371166229248,
    0.7227762341499329,
    0.719319224357605,
    0.7296901941299438,
    0.7376678586006165,
    0.8038824796676636,
    0.8235607147216797,
    0.829145073890686,
    0.8388512134552002,
    0.839648962020874,
    0.8556042909622192,
    0.8534769415855408,
    0.859726071357727,
    0.8593271970748901,
    0.8662412166595459,
    0.8643797636032104,
    0.8682355880737305,
    0.8824624419212341,
    0.8787395358085632,
    0.8804680109024048,
    0.8857864737510681,
    0.9001462459564209,
    0.8933652639389038,
    0.9002792239189148,
    0.8985507488250732,
    0.9016088247299194,
    0.9034702777862549,
    0.9049328565597534,
    0.9073261618614197,
    0.9037362337112427,
    0.9054647088050842,
    0.9086557626724243,
    0.909320592880249,
    0.9121127724647522,
    0.9089216589927673,
    0.9082568883895874,
    0.9133093953132629,
    0.9117138385772705,
    0.9081239104270935,
    0.909985363483429,
    0.9135753512382507,
    0.9157027006149292,
    0.9155697226524353,
    0.9087887406349182
  ],
  "val_loss": [
    5.8565354347229,
    5.5557332038879395,
    5.248516082763672,
    3.6717166900634766,
    3.8781638145446777,
    3.2720065116882324,
    2.9513728618621826,
    3.3757429122924805,
    4.175034999847412,
    2.742030143737793,
    2.336549997329712,
    3.628981113433838,
    2.181894302368164,
    2.040956974029541,
    2.390580415725708,
    2.0737264156341553,
    1.7361838817596436,
    2.1549935340881348,
    1.6792826652526855,
    2.0723330974578857,
    1.4970120191574097,
    1.3909841775894165,
    1.6177573204040527,
    1.233963966369629,
    1.4926726818084717,
    1.3033512830734253,
    1.1817007064819336,
    0.898955225944519,
    1.2868430614471436,
    1.0664074420928955,
    0.952071487903595,
    1.1076208353042603,
    1.2189090251922607,
    0.6620691418647766,
    0.588511049747467,
    0.5699456930160522,
    0.5403207540512085,
    0.5857748985290527,
    0.5769230127334595,
    0.5227871537208557,
    0.5495062470436096,
    0.5654104948043823,
    0.5109098553657532,
    0.5661213397979736,
    0.5241016149520874,
    0.5732811689376831,
    0.5289986729621887,
    0.5325693488121033,
    0.48228776454925537,
    0.4822942018508911,
    0.48069697618484497,
    0.47429463267326355,
    0.48628371953964233,
    0.49160057306289673,
    0.4768098294734955,
    0.48227566480636597,
    0.4731355309486389,
    0.48645904660224915,
    0.4751044511795044,
    0.4829060435295105,
    0.48872876167297363,
    0.4893493950366974,
    0.4817708134651184,
    0.4843272566795349,
    0.4771873354911804,
    0.4784613251686096,
    0.47785744071006775,
    0.476326048374176,
    0.4754253625869751,
    0.4770500063896179,
    0.4739097058773041,
    0.4765910804271698
  ],
  "val_accuracy": [
    0.005092297680675983,
    0.08847867697477341,
    0.09929981082677841,
    0.18777848780155182,
    0.16995544731616974,
    0.21323996782302856,
    0.2603437304496765,
    0.2781667709350586,
    0.2005092352628708,
    0.33609166741371155,
    0.39274346828460693,
    0.27371102571487427,
    0.432208776473999,
    0.45257797837257385,
    0.4226607382297516,
    0.4729471802711487,
    0.5493316650390625,
    0.46976447105407715,
    0.5697008371353149,
    0.4818587005138397,
    0.6047104001045227,
    0.6288987994194031,
    0.6072565317153931,
    0.6619987487792969,
    0.6148949861526489,
    0.6467218399047852,
    0.6740929484367371,
    0.7453851103782654,
    0.6619987487792969,
    0.6989178657531738,
    0.7396562695503235,
    0.7218332290649414,
    0.6842775344848633,
    0.8134945631027222,
    0.8389560580253601,
    0.8395926356315613,
    0.8472310900688171,
    0.8376830220222473,
    0.8383195400238037,
    0.8548694849014282,
    0.8535964488983154,
    0.8440483808517456,
    0.864417552947998,
    0.842775285243988,
    0.8605983257293701,
    0.8402291536331177,
    0.864417552947998,
    0.8574156761169434,
    0.8720560073852539,
    0.8720560073852539,
    0.8784213662147522,
    0.8746021389961243,
    0.8784213662147522,
    0.8746021389961243,
    0.8733291029930115,
    0.8765117526054382,
    0.8771483302116394,
    0.8765117526054382,
    0.8822405934333801,
    0.8777848482131958,
    0.8777848482131958,
    0.8733291029930115,
    0.8790579438209534,
    0.8746021389961243,
    0.8746021389961243,
    0.8758752346038818,
    0.8777848482131958,
    0.8758752346038818,
    0.8790579438209534,
    0.8777848482131958,
    0.8777848482131958,
    0.8790579438209534
  ]
}