{
  "current_epoch": 72,
  "total_epochs_planned": null,
  "last_val_accuracy": 0.8790579438209534,
  "last_val_loss": 0.4765910804271698,
  "timestamp": "2025-12-01T11:26:24.754104",
  "total_epochs_completed": 72
}